<?xml version='1.0'?>
<iso639>
<code>ab</code>
<code>om</code>
<code>aa</code>
<code>af</code>
<code>sq</code>
<code>am</code>
<code>ar</code>
<code>hy</code>
<code>as</code>
<code>ay</code>
<code>az</code>
<code>ba</code>
<code>eu</code>
<code>bn</code>
<code>dz</code>
<code>bh</code>
<code>bi</code>
<code>br</code>
<code>bg</code>
<code>my</code>
<code>be</code>
<code>km</code>
<code>ca</code>
<code>zh</code>
<code>co</code>
<code>hr</code>
<code>cs</code>
<code>da</code>
<code>nl</code>
<code>en</code>
<code>eo</code>
<code>et</code>
<code>fo</code>
<code>fj</code>
<code>fi</code>
<code>fr</code>
<code>fy</code>
<code>gl</code>
<code>ka</code>
<code>de</code>
<code>el</code>
<code>kl</code>
<code>gn</code>
<code>gu</code>
<code>ha</code>
<code>he</code>
<code>hi</code>
<code>hu</code>
<code>is</code>
<code>id</code>
<code>ia</code>
<code>ie</code>
<code>iu</code>
<code>ik</code>
<code>ga</code>
<code>it</code>
<code>ja</code>
<code>jv</code>
<code>kn</code>
<code>ks</code>
<code>kk</code>
<code>rw</code>
<code>ky</code>
<code>rn</code>
<code>ko</code>
<code>ku</code>
<code>lo</code>
<code>la</code>
<code>lv</code>
<code>ln</code>
<code>lt</code>
<code>mk</code>
<code>mg</code>
<code>ms</code>
<code>ml</code>
<code>mt</code>
<code>mi</code>
<code>mr</code>
<code>mo</code>
<code>mn</code>
<code>na</code>
<code>ne</code>
<code>no</code>
<code>oc</code>
<code>or</code>
<code>ps</code>
<code>fa</code>
<code>pl</code>
<code>pt</code>
<code>pa</code>
<code>qu</code>
<code>rm</code>
<code>ro</code>
<code>ru</code>
<code>sm</code>
<code>sg</code>
<code>sa</code>
<code>gd</code>
<code>sr</code>
<code>sh</code>
<code>st</code>
<code>tn</code>
<code>sn</code>
<code>sd</code>
<code>si</code>
<code>ss</code>
<code>sk</code>
<code>sl</code>
<code>so</code>
<code>es</code>
<code>su</code>
<!-- <code>sw</code> -->
<code>sv</code>
<code>tl</code>
<code>tg</code>
<code>ta</code>
<code>tt</code>
<code>te</code>
<code>th</code>
<code>bo</code>
<code>ti</code>
<code>to</code>
<code>ts</code>
<code>tr</code>
<code>tk</code>
<code>tw</code>
<code>ug</code>
<code>uk</code>
<code>ur</code>
<code>uz</code>
<code>vi</code>
<code>vo</code>
<code>cy</code>
<code>wo</code>
<code>xh</code>
<code>yi</code>
<code>yo</code>
<code>za</code>
<code>zu</code>
</iso639>