<?xml version='1.0'?>
<xhtml_ent>
<entity alpha='quot' numeric='#34' /> 
<entity alpha='amp' numeric='#38;#38' /> 
<entity alpha='lt' numeric='#38;#60' /> 
<entity alpha='gt' numeric='#62' /> 
<entity alpha='apos' numeric='#39' /> 
<entity alpha='OElig' numeric='#338' /> 
<entity alpha='oelig' numeric='#339' /> 
<entity alpha='Scaron' numeric='#352' /> 
<entity alpha='scaron' numeric='#353' /> 
<entity alpha='Yuml' numeric='#376' /> 
<entity alpha='circ' numeric='#710' /> 
<entity alpha='tilde' numeric='#732' /> 
<entity alpha='ensp' numeric='#8194' /> 
<entity alpha='emsp' numeric='#8195' /> 
<entity alpha='thinsp' numeric='#8201' /> 
<entity alpha='zwnj' numeric='#8204' /> 
<entity alpha='zwj' numeric='#8205' /> 
<entity alpha='lrm' numeric='#8206' /> 
<entity alpha='rlm' numeric='#8207' /> 
<entity alpha='ndash' numeric='#8211' /> 
<entity alpha='mdash' numeric='#8212' /> 
<entity alpha='lsquo' numeric='#8216' /> 
<entity alpha='rsquo' numeric='#8217' /> 
<entity alpha='sbquo' numeric='#8218' /> 
<entity alpha='ldquo' numeric='#8220' /> 
<entity alpha='rdquo' numeric='#8221' /> 
<entity alpha='bdquo' numeric='#8222' /> 
<entity alpha='dagger' numeric='#8224' /> 
<entity alpha='Dagger' numeric='#8225' /> 
<entity alpha='permil' numeric='#8240' /> 
<entity alpha='lsaquo' numeric='#8249' /> 
<entity alpha='rsaquo' numeric='#8250' /> 
<entity alpha='euro' numeric='#8364' /> 
<entity alpha='fnof' numeric='#402' /> 
<entity alpha='Alpha' numeric='#913' /> 
<entity alpha='Beta' numeric='#914' /> 
<entity alpha='Gamma' numeric='#915' /> 
<entity alpha='Delta' numeric='#916' /> 
<entity alpha='Epsilon' numeric='#917' /> 
<entity alpha='Zeta' numeric='#918' /> 
<entity alpha='Eta' numeric='#919' /> 
<entity alpha='Theta' numeric='#920' /> 
<entity alpha='Iota' numeric='#921' /> 
<entity alpha='Kappa' numeric='#922' /> 
<entity alpha='Lambda' numeric='#923' /> 
<entity alpha='Mu' numeric='#924' /> 
<entity alpha='Nu' numeric='#925' /> 
<entity alpha='Xi' numeric='#926' /> 
<entity alpha='Omicron' numeric='#927' /> 
<entity alpha='Pi' numeric='#928' /> 
<entity alpha='Rho' numeric='#929' /> 
<entity alpha='Sigma' numeric='#931' /> 
<entity alpha='Tau' numeric='#932' /> 
<entity alpha='Upsilon' numeric='#933' /> 
<entity alpha='Phi' numeric='#934' /> 
<entity alpha='Chi' numeric='#935' /> 
<entity alpha='Psi' numeric='#936' /> 
<entity alpha='Omega' numeric='#937' /> 
<entity alpha='alpha' numeric='#945' /> 
<entity alpha='beta' numeric='#946' /> 
<entity alpha='gamma' numeric='#947' /> 
<entity alpha='delta' numeric='#948' /> 
<entity alpha='epsilon' numeric='#949' /> 
<entity alpha='zeta' numeric='#950' /> 
<entity alpha='eta' numeric='#951' /> 
<entity alpha='theta' numeric='#952' /> 
<entity alpha='iota' numeric='#953' /> 
<entity alpha='kappa' numeric='#954' /> 
<entity alpha='lambda' numeric='#955' /> 
<entity alpha='mu' numeric='#956' /> 
<entity alpha='nu' numeric='#957' /> 
<entity alpha='xi' numeric='#958' /> 
<entity alpha='omicron' numeric='#959' /> 
<entity alpha='pi' numeric='#960' /> 
<entity alpha='rho' numeric='#961' /> 
<entity alpha='sigmaf' numeric='#962' /> 
<entity alpha='sigma' numeric='#963' /> 
<entity alpha='tau' numeric='#964' /> 
<entity alpha='upsilon' numeric='#965' /> 
<entity alpha='phi' numeric='#966' /> 
<entity alpha='chi' numeric='#967' /> 
<entity alpha='psi' numeric='#968' /> 
<entity alpha='omega' numeric='#969' /> 
<entity alpha='thetasym' numeric='#977' /> 
<entity alpha='upsih' numeric='#978' /> 
<entity alpha='piv' numeric='#982' /> 
<entity alpha='bull' numeric='#8226' /> 
<entity alpha='hellip' numeric='#8230' /> 
<entity alpha='prime' numeric='#8242' /> 
<entity alpha='Prime' numeric='#8243' /> 
<entity alpha='oline' numeric='#8254' /> 
<entity alpha='frasl' numeric='#8260' /> 
<entity alpha='weierp' numeric='#8472' /> 
<entity alpha='image' numeric='#8465' /> 
<entity alpha='real' numeric='#8476' /> 
<entity alpha='trade' numeric='#8482' /> 
<entity alpha='alefsym' numeric='#8501' /> 
<entity alpha='larr' numeric='#8592' /> 
<entity alpha='uarr' numeric='#8593' /> 
<entity alpha='rarr' numeric='#8594' /> 
<entity alpha='darr' numeric='#8595' /> 
<entity alpha='harr' numeric='#8596' /> 
<entity alpha='crarr' numeric='#8629' /> 
<entity alpha='lArr' numeric='#8656' /> 
<entity alpha='uArr' numeric='#8657' /> 
<entity alpha='rArr' numeric='#8658' /> 
<entity alpha='dArr' numeric='#8659' /> 
<entity alpha='hArr' numeric='#8660' /> 
<entity alpha='forall' numeric='#8704' /> 
<entity alpha='part' numeric='#8706' /> 
<entity alpha='exist' numeric='#8707' /> 
<entity alpha='empty' numeric='#8709' /> 
<entity alpha='nabla' numeric='#8711' /> 
<entity alpha='isin' numeric='#8712' /> 
<entity alpha='notin' numeric='#8713' /> 
<entity alpha='ni' numeric='#8715' /> 
<entity alpha='prod' numeric='#8719' /> 
<entity alpha='sum' numeric='#8721' /> 
<entity alpha='minus' numeric='#8722' /> 
<entity alpha='lowast' numeric='#8727' /> 
<entity alpha='radic' numeric='#8730' /> 
<entity alpha='prop' numeric='#8733' /> 
<entity alpha='infin' numeric='#8734' /> 
<entity alpha='ang' numeric='#8736' /> 
<entity alpha='and' numeric='#8743' /> 
<entity alpha='or' numeric='#8744' /> 
<entity alpha='cap' numeric='#8745' /> 
<entity alpha='cup' numeric='#8746' /> 
<entity alpha='int' numeric='#8747' /> 
<entity alpha='there4' numeric='#8756' /> 
<entity alpha='sim' numeric='#8764' /> 
<entity alpha='cong' numeric='#8773' /> 
<entity alpha='asymp' numeric='#8776' /> 
<entity alpha='ne' numeric='#8800' /> 
<entity alpha='equiv' numeric='#8801' /> 
<entity alpha='le' numeric='#8804' /> 
<entity alpha='ge' numeric='#8805' /> 
<entity alpha='sub' numeric='#8834' /> 
<entity alpha='sup' numeric='#8835' /> 
<entity alpha='nsub' numeric='#8836' /> 
<entity alpha='sube' numeric='#8838' /> 
<entity alpha='supe' numeric='#8839' /> 
<entity alpha='oplus' numeric='#8853' /> 
<entity alpha='otimes' numeric='#8855' /> 
<entity alpha='perp' numeric='#8869' /> 
<entity alpha='sdot' numeric='#8901' /> 
<entity alpha='lceil' numeric='#8968' /> 
<entity alpha='rceil' numeric='#8969' /> 
<entity alpha='lfloor' numeric='#8970' /> 
<entity alpha='rfloor' numeric='#8971' /> 
<entity alpha='lang' numeric='#9001' /> 
<entity alpha='rang' numeric='#9002' /> 
<entity alpha='loz' numeric='#9674' /> 
<entity alpha='spades' numeric='#9824' /> 
<entity alpha='clubs' numeric='#9827' /> 
<entity alpha='hearts' numeric='#9829' /> 
<entity alpha='diams' numeric='#9830' /> 
<entity alpha='nbsp' numeric='#160' /> 
<entity alpha='iexcl' numeric='#161' /> 
<entity alpha='cent' numeric='#162' /> 
<entity alpha='pound' numeric='#163' /> 
<entity alpha='curren' numeric='#164' /> 
<entity alpha='yen' numeric='#165' /> 
<entity alpha='brvbar' numeric='#166' /> 
<entity alpha='sect' numeric='#167' /> 
<entity alpha='uml' numeric='#168' /> 
<entity alpha='copy' numeric='#169' /> 
<entity alpha='ordf' numeric='#170' /> 
<entity alpha='laquo' numeric='#171' /> 
<entity alpha='not' numeric='#172' /> 
<entity alpha='shy' numeric='#173' /> 
<entity alpha='reg' numeric='#174' /> 
<entity alpha='macr' numeric='#175' /> 
<entity alpha='deg' numeric='#176' /> 
<entity alpha='plusmn' numeric='#177' /> 
<entity alpha='sup2' numeric='#178' /> 
<entity alpha='sup3' numeric='#179' /> 
<entity alpha='acute' numeric='#180' /> 
<entity alpha='micro' numeric='#181' /> 
<entity alpha='para' numeric='#182' /> 
<entity alpha='middot' numeric='#183' /> 
<entity alpha='cedil' numeric='#184' /> 
<entity alpha='sup1' numeric='#185' /> 
<entity alpha='ordm' numeric='#186' /> 
<entity alpha='raquo' numeric='#187' /> 
<entity alpha='frac14' numeric='#188' /> 
<entity alpha='frac12' numeric='#189' /> 
<entity alpha='frac34' numeric='#190' /> 
<entity alpha='iquest' numeric='#191' /> 
<entity alpha='Agrave' numeric='#192' /> 
<entity alpha='Aacute' numeric='#193' /> 
<entity alpha='Acirc' numeric='#194' /> 
<entity alpha='Atilde' numeric='#195' /> 
<entity alpha='Auml' numeric='#196' /> 
<entity alpha='Aring' numeric='#197' /> 
<entity alpha='AElig' numeric='#198' /> 
<entity alpha='Ccedil' numeric='#199' /> 
<entity alpha='Egrave' numeric='#200' /> 
<entity alpha='Eacute' numeric='#201' /> 
<entity alpha='Ecirc' numeric='#202' /> 
<entity alpha='Euml' numeric='#203' /> 
<entity alpha='Igrave' numeric='#204' /> 
<entity alpha='Iacute' numeric='#205' /> 
<entity alpha='Icirc' numeric='#206' /> 
<entity alpha='Iuml' numeric='#207' /> 
<entity alpha='ETH' numeric='#208' /> 
<entity alpha='Ntilde' numeric='#209' /> 
<entity alpha='Ograve' numeric='#210' /> 
<entity alpha='Oacute' numeric='#211' /> 
<entity alpha='Ocirc' numeric='#212' /> 
<entity alpha='Otilde' numeric='#213' /> 
<entity alpha='Ouml' numeric='#214' /> 
<entity alpha='times' numeric='#215' /> 
<entity alpha='Oslash' numeric='#216' /> 
<entity alpha='Ugrave' numeric='#217' /> 
<entity alpha='Uacute' numeric='#218' /> 
<entity alpha='Ucirc' numeric='#219' /> 
<entity alpha='Uuml' numeric='#220' /> 
<entity alpha='Yacute' numeric='#221' /> 
<entity alpha='THORN' numeric='#222' /> 
<entity alpha='szlig' numeric='#223' /> 
<entity alpha='agrave' numeric='#224' /> 
<entity alpha='aacute' numeric='#225' /> 
<entity alpha='acirc' numeric='#226' /> 
<entity alpha='atilde' numeric='#227' /> 
<entity alpha='auml' numeric='#228' /> 
<entity alpha='aring' numeric='#229' /> 
<entity alpha='aelig' numeric='#230' /> 
<entity alpha='ccedil' numeric='#231' /> 
<entity alpha='egrave' numeric='#232' /> 
<entity alpha='eacute' numeric='#233' /> 
<entity alpha='ecirc' numeric='#234' /> 
<entity alpha='euml' numeric='#235' /> 
<entity alpha='igrave' numeric='#236' /> 
<entity alpha='iacute' numeric='#237' /> 
<entity alpha='icirc' numeric='#238' /> 
<entity alpha='iuml' numeric='#239' /> 
<entity alpha='eth' numeric='#240' /> 
<entity alpha='ntilde' numeric='#241' /> 
<entity alpha='ograve' numeric='#242' /> 
<entity alpha='oacute' numeric='#243' /> 
<entity alpha='ocirc' numeric='#244' /> 
<entity alpha='otilde' numeric='#245' /> 
<entity alpha='ouml' numeric='#246' /> 
<entity alpha='divide' numeric='#247' /> 
<entity alpha='oslash' numeric='#248' /> 
<entity alpha='ugrave' numeric='#249' /> 
<entity alpha='uacute' numeric='#250' /> 
<entity alpha='ucirc' numeric='#251' /> 
<entity alpha='uuml' numeric='#252' /> 
<entity alpha='yacute' numeric='#253' /> 
<entity alpha='thorn' numeric='#254' /> 
<entity alpha='yuml' numeric='#255' /> 
</xhtml_ent>